title,company,locatioin,link
Data Scientist - Entry Level,Pathrise,Remote,https://www.indeed.com/viewjob?jk=602196c5ea2f32da
Content Contributor: Data Analysis with R,Codecademy,Remote,https://www.indeed.com/viewjob?jk=7502ecf2e0c40724
Full Time Opportunities for Students or Recent Graduates: Data & Applied Sciences,Microsoft,"Redmond, WA",https://www.indeed.com/viewjob?jk=11baba484db23433
Content Contributor: Python and Flask,Codecademy,Remote,https://www.indeed.com/viewjob?jk=eeeeaca1d923b164
Python developer,Ace-stack LLC,"Columbus, OH",https://www.indeed.com/viewjob?jk=1d5ad11bdbc0e360
Junior Data Scientist,ROSEN Group,"Columbus, OH",https://www.indeed.com/viewjob?jk=c3428020bdd17a99
Full Time Opportunities for PhD Students or Recent Graduates: Data & Applied Sciences,Microsoft,"Redmond, WA",https://www.indeed.com/viewjob?jk=75f326050b1b7c10
New College Graduate - Python,Saama Technologies Inc,"Campbell, CA",https://www.indeed.com/viewjob?jk=64ab643ca4e40bf8
Events Coordinator,CodeCombat,Remote,https://www.indeed.com/viewjob?jk=4554133f25571d59
Python Developer Intern,OXO Solutions,"Ruby, SC",https://www.indeed.com/viewjob?jk=84a541c104b5b24c
Research Scientist,LOCKHEED MARTIN CORPORATION,"Billerica, MA",https://www.indeed.com/viewjob?jk=c933f49164b051f9
"Associate Computational Scientist, Neurosciences",Mount Sinai,"New York, NY",https://www.indeed.com/viewjob?jk=cdc60d4c9c79ce80
Jr.Python developer,Ace-stack LLC,"Houston, TX",https://www.indeed.com/viewjob?jk=3519843eea99fbe5
Python Developer,Akra Tech,Remote,https://www.indeed.com/viewjob?jk=b4746b42ba857a6b
Entry Level Data Analyst,Hopjump,"Boston, MA",https://www.indeed.com/viewjob?jk=2532431132ffbda1
Cyber Internships- Maryland (Summer 2020),Perspecta Labs,"Silver Spring, MD",https://www.indeed.com/viewjob?jk=5c3d90184c66e5d7
Python Developer,Callsign Media,"Las Vegas, NV",https://www.indeed.com/viewjob?jk=345e22ca6e583be5
Quantitative Trader - Entry Level,Avatar Securities,"Chicago, IL",https://www.indeed.com/viewjob?jk=d01efa8dad29efdc
Content Contributor: ASP.NET and C#,Codecademy,Remote,https://www.indeed.com/viewjob?jk=21acc5c671ea4daf
Research intern,Parametric,United States,https://www.indeed.com/viewjob?jk=d25f3b3c66bd5553
Java Python developer,Ace-stack LLC,"Columbus, OH",https://www.indeed.com/viewjob?jk=2a89a74030730ac4
Graduate Internship – Building Energy Modeling (Year Round),National Renewable Energy Laboratory,United States,https://www.indeed.com/viewjob?jk=e9bbc09125b1f778
Junior Python Developer,Bank of America,"Chicago, IL",https://www.indeed.com/viewjob?jk=053efab77ef642bd
Trader,"Hehmeyer, LLC","Chicago, IL",https://www.indeed.com/viewjob?jk=3e190370de03fa48
Python Developer,"Accolite, Inc.","San Francisco, CA",https://www.indeed.com/viewjob?jk=fba1d294996286c5
Python Developer,Avani Technology Solutions Inc,"Milpitas, CA",https://www.indeed.com/viewjob?jk=f65f341dc9f2093e
Post Doctoral Researcher,The Ohio State University,"Columbus, OH",https://www.indeed.com/viewjob?jk=1c422d55956dc8f6
Python Tester,Ace-stack LLC,"Columbus, IN",https://www.indeed.com/viewjob?jk=09c1ae917b2a82db
Data Scientist (Python),Applied Memetics LLC,Remote,https://www.indeed.com/viewjob?jk=0f16c57e35f21a63
Data Center Technician,"Amazon Data Services, Inc.","Chantilly, VA",https://www.indeed.com/viewjob?jk=d66389e53911b420
Full Time Opportunities for PhD Students or Recent Graduates: Researcher,Microsoft,"Redmond, WA",https://www.indeed.com/viewjob?jk=e72f0a5851f50204
Backend Engineer (Python/Django),Albert,"Los Angeles, CA",https://www.indeed.com/viewjob?jk=7a98bce5660297e3
Rigging TD,Technicolor,"Los Angeles, CA",https://www.indeed.com/viewjob?jk=22f2066a6c3c6cd6
Content Creator,LeetCode,Remote,https://www.indeed.com/viewjob?jk=e94af63cb41ad9b5
Staff Scientist,Inpria Corporation,"Corvallis, OR",https://www.indeed.com/viewjob?jk=d041eab63425aecb
SDET – Python,Highbrow LLC,"Seattle, WA",https://www.indeed.com/viewjob?jk=a69674cb17e7ad68
Python Engineer - Equinox Fitness Clubs,EQUINOX,"New York, NY",https://www.indeed.com/viewjob?jk=20fd9b8327ee61c7
Consulting Professors,Saylor Academy,Remote,https://www.indeed.com/viewjob?jk=edb0eb6a7ba31772
Sports Research Analyst,Sportradar AG,"Minneapolis, MN",https://www.indeed.com/viewjob?jk=e106cb1f2fb13003
Software Engineer,Administrate,Remote,https://www.indeed.com/viewjob?jk=6134b18bb0a69137
Software Developer Associate ( PowerShell / Python ),PNC Financial Services Group,"Pittsburgh, PA",https://www.indeed.com/viewjob?jk=e927d44d664d65b0
Python Developer,Haneke Design,"Tampa, FL",https://www.indeed.com/viewjob?jk=542b21736b6bca61
"Sustainability & Environmental, Social and Governance (ESG) Analyst",CITI,"New York, NY",https://www.indeed.com/viewjob?jk=44c8e48865128c5b
Junior Data Engineer,McKinsey & Company,"San Jose, CA",https://www.indeed.com/viewjob?jk=8d050c898b7787f0
Python Developer,Highbrow Technologies,"Bellevue, WA",https://www.indeed.com/viewjob?jk=70912d7ae92ee088
PYTHON DEVELOPER,Pythonwise,"Seattle, WA",https://www.indeed.com/viewjob?jk=1a20a1c56fb7df73
Python Developer,Bank of America,"New York, NY",https://www.indeed.com/viewjob?jk=050d116593314f5e
PYTHON DEVELOPER,Okyte,"Denver, CO",https://www.indeed.com/viewjob?jk=cda533809c1fe815
Developer - Python Django,Energy Sense Finance,"Tampa, FL",https://www.indeed.com/viewjob?jk=213f60ab30d8eece
Python Engineer,System1,"Venice, CA",https://www.indeed.com/viewjob?jk=0ec299168b6ff915
Content Creator,LeetCode,Remote,https://www.indeed.com/viewjob?jk=e94af63cb41ad9b5
Biomedical Informaticist,pulseData,"New York, NY",https://www.indeed.com/viewjob?jk=a58b97397caf4f24
Baseball Research and Development Analyst,Milwaukee Brewers,"Milwaukee, WI",https://www.indeed.com/viewjob?jk=d08dd3faa11c59dd
Software Developer Associate ( PowerShell / Python ),PNC Financial Services Group,"Pittsburgh, PA",https://www.indeed.com/viewjob?jk=e927d44d664d65b0
Data Center Technician,"Amazon Data Services, Inc.","Chantilly, VA",https://www.indeed.com/viewjob?jk=d66389e53911b420
PYTHON DEVELOPER,Pythonwise,"Seattle, WA",https://www.indeed.com/viewjob?jk=1a20a1c56fb7df73
Python Tester,Ace-stack LLC,"Columbus, IN",https://www.indeed.com/viewjob?jk=09c1ae917b2a82db
Neuroscientist (Hardware Focus),Kernel,"Culver City, CA",https://www.indeed.com/viewjob?jk=35d2f62ef3c6f482
Quantitative Research,JP Morgan Chase,"New York, NY",https://www.indeed.com/viewjob?jk=965800288a6df797
Researcher,Blue Owl,"San Francisco, CA",https://www.indeed.com/viewjob?jk=a43525452007febf
Backend Python Engineer,Numerator,"San Francisco, CA",https://www.indeed.com/viewjob?jk=a3be36fc6c68ac63
Economist,World Bank Group,"Washington, DC",https://www.indeed.com/viewjob?jk=b1c9c883b323a96f
Senior Python Developer,CAPCO,"New York, NY",https://www.indeed.com/viewjob?jk=d472daeca146f58b
Battery Engineer (Spring 2020 Graduates),Panasonic Energy of North America,"Sparks, NV",https://www.indeed.com/viewjob?jk=cee505acad317ffe
"Python NumPy Developer, Fixed Income+ USC/GC- JC",Select Group,"Jersey City, NJ",https://www.indeed.com/viewjob?jk=4b151eb6f6ac1ab4
Distinguished Postdoctoral Scholar,Penn State University,"University Park, PA",https://www.indeed.com/viewjob?jk=8e31227e5d8bce7a
Python Developer,Highbrow Technologies,"Bellevue, WA",https://www.indeed.com/viewjob?jk=70912d7ae92ee088
Python Developer,Exodus Integrity Services,"Cleveland, OH",https://www.indeed.com/viewjob?jk=fa193beb356a790e
Python Engineer - Equinox Fitness Clubs,EQUINOX,"New York, NY",https://www.indeed.com/viewjob?jk=20fd9b8327ee61c7
Junior Penetration Tester,Information and Infrastructure Technologies,"Arlington, VA",https://www.indeed.com/viewjob?jk=963fd6b46784e789
Python Engineer,System1,"Venice, CA",https://www.indeed.com/viewjob?jk=0ec299168b6ff915
Chemometrician,Phillips 66,"Bartlesville, OK",https://www.indeed.com/viewjob?jk=6f31059fe3a9f535
PYTHON DEVELOPER,Okyte,"Denver, CO",https://www.indeed.com/viewjob?jk=cda533809c1fe815
Service Engineer,Microsoft,"Redmond, WA",https://www.indeed.com/viewjob?jk=3ce06d754252c2e0
"Data Scientist, Baseball Research & Development",Cleveland Indians - Baseball Operations,"Cleveland, OH",https://www.indeed.com/viewjob?jk=00de1c78b0a23319
"R & Python, Machine and Deep Learning Algorithms professional",AGUILASS,United States,https://www.indeed.com/viewjob?jk=e636682ce31db65f
Computational Intern,Day Zero Diagnostics,"Boston, MA",https://www.indeed.com/viewjob?jk=8cd378d74d29bc2c
Associate Researcher,Medical Informatics Corp.,"Houston, TX",https://www.indeed.com/viewjob?jk=0893087e208c12b2
Geotech Engineer,One Concern,"Menlo Park, CA",https://www.indeed.com/viewjob?jk=ff36a50c829cc6ae
Research Scientist,Intel,"Phoenix, AZ",https://www.indeed.com/viewjob?jk=43c87b18a127da32
"Data Analyst, Video Games","Take-Two Interactive Software, Inc.","New York, NY",https://www.indeed.com/viewjob?jk=848a93b2ee9a11e8
Python разработчик,WaveAccess,United States,https://www.indeed.com/viewjob?jk=d6df26980f5d9a81
Researcher Economist,Microsoft,"Redmond, WA",https://www.indeed.com/viewjob?jk=4ce8990f29e1002a
DATA SCIENTIST,Rho AI,United States,https://www.indeed.com/viewjob?jk=b1bf9d975b4cdd0b
Marketing Manager,CodeCombat,Remote,https://www.indeed.com/viewjob?jk=3841cc9e8230fcf0
DATA ENTRY SPECIALIST,Toole Design Group LLC,"Silver Spring, MD",https://www.indeed.com/viewjob?jk=a45d4224d5e682ef
Motion Scientist,Apple,"Santa Clara Valley, CA",https://www.indeed.com/viewjob?jk=d30739332d73cfb9
Data and Insights Research Associate,Capital Group,"Los Angeles, CA",https://www.indeed.com/viewjob?jk=043ef0afb0d59d48
Research Scientist,MIT,"Cambridge, MA",https://www.indeed.com/viewjob?jk=5e5c807ab7c3e662
2020 Summer Research Internship,Resources for the Future (RFF),"Washington, DC",https://www.indeed.com/viewjob?jk=957a4f54ff4ea29b
Postdoctoral Research Fellow,Portland State University,"Portland, OR",https://www.indeed.com/viewjob?jk=c0ff3482698fd832
"Director, Player Health & Safety",National Football League,"New York, NY",https://www.indeed.com/viewjob?jk=e585576ceee4fd26
Technician,Quantum Spatial INC,"Corvallis, OR",https://www.indeed.com/viewjob?jk=a5734d3d70d5a237
Computational Scientist – Physics based identification of anomalous sensor data through machine learning and edge computing,National Renewable Energy Laboratory,United States,https://www.indeed.com/viewjob?jk=e8521f14dcbb289a
Catastrophe Risk Associate,Homesite Insurance,United States,https://www.indeed.com/viewjob?jk=1efaaee506123bc3
Analytical Linguist,Google,"Los Angeles, CA",https://www.indeed.com/viewjob?jk=d61067281e439315
Python Developer,Avani Systems,"Newark, DE",https://www.indeed.com/viewjob?jk=2adef6dc99e86686
Data Analyst,"TrueCar, Inc.",United States,https://www.indeed.com/viewjob?jk=c7b59b378c5189b1
Stage TD,Technicolor,"Los Angeles, CA",https://www.indeed.com/viewjob?jk=c5fadf8763d19c43
Reservoir Engineer - Algorithm Development,Beyond Limits,"Glendale, CA",https://www.indeed.com/viewjob?jk=0bd4d32e320bacb8
